mean,std,min,max,skew,kurtosis,energy,mean_hr,rmssd,cvrr,qrs_width,r_amp,label
0.11405701705238129,0.6575508093596448,-1.4990585077064982,1.5632161260168729,0.09340498610126163,0.2982932562286864,0.4453820700284114,0,0,0,0,0,0
